name,address,phone
Zieme Ratke and Wyman,08 Anzinger Center,7512660866
Mills Inc,265 Arizona Lane,2378695658
Glover and Sons,82454 Dwight Place,3659115578
Runte Koch and Brekke,18197 Hudson Avenue,2097156145
Hayes Nienow and Lehner,27 Mifflin Plaza,5581051409
Homenick Group,2769 Fuller Park,9954288770
Mertz Inc,40 Sunnyside Junction,2223613915
Effertz LLC,6426 Lindbergh Trail,4191528235
D'Amore Group,66 Evergreen Parkway,4719821417
O'Hara-West,7 Arizona Trail,7833609976
Tromp Zemlak and Friesen,67509 Larry Drive,4661157494
Hilll-Davis,677 Sycamore Circle,6651371104
Hammes-Schultz,1 Declaration Hill,1054354642
Streich and Sons,73104 Kenwood Court,3232192507
Nolan White and Reinger,679 Cottonwood Pass,8225798753
Dickens-McDermott,05057 Mcbride Crossing,5565896184
Bechtelar-Weissnat,920 Gale Place,7229197381
Lueilwitz Group,22 Sommers Trail,4806494334
Volkman Hayes and Christiansen,5 Victoria Lane,8176048371
Deckow Inc,73096 Bashford Court,2431910046
Schimmel-Pfannerstill,16082 Parkside Park,4729976159
Kihn Group,0112 Birchwood Court,6865181207
Konopelski-Mayer,74 Reinke Terrace,3298018373
Kihn Boehm and Ward,83 Sunnyside Crossing,9624612432
Howe Inc,76 Fulton Parkway,1195944896
Breitenberg-Ziemann,22 Mayer Center,3269803445
Runte-Wintheiser,0 Bonner Hill,8175170029
Wisoky-Hansen,3243 Rockefeller Hill,6943828787
Cremin-Maggio,5 Mifflin Avenue,1722310076
Huels-Volkman,0 Eastlawn Way,9933047058
Kuhn Klocko and Hickle,2176 Nobel Junction,7203100340
Walsh Schuppe and Bechtelar,78 Briar Crest Parkway,7209660289
Weber Barrows and Rau,796 Hermina Crossing,2087600445
Vandervort LLC,5378 Stephen Circle,7641654275
Rosenbaum and Sons,9 Messerschmidt Avenue,4563153954
Anderson-Kerluke,528 Columbus Court,7221192434
Muller LLC,6 Bonner Plaza,4869490154
Cronin Group,4 Gulseth Parkway,2829271169
Runolfsdottir Inc,1235 Burrows Court,9805244167
Boehm and Sons,290 Columbus Trail,9474412019
Kohler-Rath,96 Milwaukee Junction,7186859770
Grady-Kozey,2 Scofield Place,1743116241
Kuvalis-Wyman,430 Jay Way,3856130882
Wolf Stamm and Grimes,48215 Granby Point,4986223944
Konopelski Group,9632 Acker Street,4062864126
Glover-Dach,0348 Trailsway Lane,4268947469
Collier LLC,956 Michigan Way,8557515459
Auer LLC,3 Aberg Trail,6171835993
Ledner Inc,9 Fordem Alley,5683962614
Turner Group,4248 Stuart Court,1465664022
Heathcote Inc,7 Barby Plaza,7052773285
Rice Collins and Volkman,2 Sunnyside Circle,4548537247
Schiller and Sons,93008 Shopko Lane,2436343716
Morissette Group,427 Mayfield Alley,5811400816
Gerlach Kozey and Koss,29683 Russell Center,1703368274
Witting and Sons,8 Barby Park,9623167219
Walter Hettinger and Rohan,5195 Holmberg Lane,5043499436
Gottlieb Gerlach and Hilll,64 Eastwood Hill,1163245773
Sauer-Miller,400 Jackson Street,5551529943
Osinski-Hills,53 Jay Alley,8007718328
White-Brekke,3 Eastwood Street,5889418381
Jacobi Inc,05006 Helena Park,7473011670
Streich Hermann and Schimmel,2 Merchant Center,8632667026
Rau-King,9414 Burning Wood Plaza,6694657143
Lindgren Upton and Daugherty,83038 Logan Street,5819412174
Zemlak-Swaniawski,29847 Hallows Avenue,1882299585
Schowalter Kuhn and Blick,5 Portage Street,8298365309
McCullough-Beatty,33363 Dawn Parkway,7347975108
Greenholt-Christiansen,48 Barby Way,5611645851
Rogahn LLC,35892 2nd Lane,6735225435
Luettgen-Lakin,19676 Gateway Junction,9078346012
Wisoky Kautzer and Turcotte,64165 Bonner Lane,5893085780
Harvey-Hagenes,901 Hazelcrest Terrace,5221591572
Leannon-Heaney,27 Hansons Avenue,6429707133
Johnson-Bednar,139 Heffernan Avenue,9668931883
Gleason LLC,89 Coleman Junction,9965186951
Jakubowski LLC,33700 Park Meadow Drive,2085753677
Conn Inc,3193 Tony Center,6422114629
Bogan Hirthe and Runolfsson,222 Mayer Drive,1935963561
McCullough Hegmann and Wiegand,6 Anhalt Place,3869588052
Jakubowski and Sons,88 Monument Hill,5752852113
Rau Bailey and Dickinson,71 Drewry Point,5548877202
Hackett Hartmann and Strosin,42140 Meadow Vale Way,9439918511
Herzog-Schumm,5 Anhalt Avenue,7316617804
Gorczany Morar and Schiller,55 Farwell Point,1443928958
Witting Bode and Sauer,23 Declaration Center,9968336072
Padberg LLC,13018 Grover Lane,8378563496
Schaefer-Casper,37893 Karstens Hill,2909024526
Greenfelder Group,00132 Ramsey Lane,2139726227
Haag Runte and Brakus,1435 Bluestem Plaza,8651566945
Lockman Reinger and Morar,589 Hayes Street,9126622613
Botsford-VonRueden,66766 Mockingbird Drive,6514211137
Bins and Sons,90569 Lighthouse Bay Place,2319071405
Hermann-Dare,65 Badeau Hill,9564547753
Wunsch Friesen and Nienow,5 Longview Place,7462882855
Shanahan MacGyver and Lehner,1506 Monica Place,8847052307
Gaylord Inc,0861 Clarendon Circle,1203813725
Dietrich-West,1 North Center,3641537138
Yundt-Ryan,663 Green Ridge Court,3308344561
Abbott Group,0 Kensington Point,9413783880