name,address,phone
Harmonia Filippyev,3215 Gerald Parkway,5227258390
Stanly Claus,939 Bonner Way,3207547666
Putnam Robers,2948 Corry Street,8254040127
Edward Bardnam,65693 1st Hill,5462046995
Abagael Espasa,11 Dakota Street,9627469072
Pip Dach,49637 Bluestem Way,1249459129
Lianne Phifer,5062 Vahlen Pass,9925782296
Edy Burrel,2502 Waywood Way,9504157591
Amelie Zammitt,55 Columbus Lane,6553654086
Dasya Gherarducci,44 Pine View Pass,8017987441
Ann-marie Scopes,45 Center Circle,2357733361
Irwinn Brickett,497 Meadow Vale Place,6026903367
Karel Looby,194 School Street,9907007978
Yulma Bush,138 Everett Center,6432527702
Lefty Spuner,3772 Rieder Hill,6123305715
Nickola Lerwill,8175 Tennessee Way,5291519358
Patty Gout,7717 Weeping Birch Circle,2941314726
Kanya Dany,59 Schiller Junction,3047685719
Edward Mottram,51 Pennsylvania Trail,1268615596
Xena Coulthart,5693 Florence Trail,5297478119
Mack Kilpin,86 Holmberg Trail,3741798383
Kasper Woolmington,435 Maple Wood Place,3567715127
Babita Simmon,76 Helena Pass,5824920080
Teressa Driussi,0801 Prairieview Court,5891224513
Jocelyne Lyfe,9 Kedzie Pass,5047983182
Seumas Frood,8963 Sachtjen Parkway,5267083184
Markus Crickmore,1505 Bluestem Street,5315417459
Garrett Champe,7329 Scofield Center,3384828551
Devlin Tacker,782 Columbus Parkway,5096229213
Rice Hutchin,028 Scofield Parkway,5612170402
Devy Pottage,71403 Melvin Way,1021211000
Alie McConnal,8344 Packers Point,3532557699
Sheba Cator,2 Grayhawk Terrace,9876289676
Lacee Shalloo,5524 Sherman Parkway,4299673152
Bellanca Snowding,211 Mitchell Place,6253539370
Rochelle Abrahmson,085 Sundown Place,9505697388
Catherina Leifer,1 Boyd Junction,8264791200
Fabian Cranmer,9 Anhalt Road,3819977982
Cati Brine,421 Utah Lane,5174204786
Nye Hawse,224 Prairie Rose Circle,8232900268
Cornelius Strang,4 Heffernan Circle,6276693400
Kristien Sibray,91 Kensington Lane,3736880077
Matilde Towsey,33 Gina Hill,2646632717
Roxanne Hunnaball,2 Blue Bill Park Place,4266718024
Codie Malamore,4311 Blackbird Drive,2064386326
Doro Forsdyke,443 Brentwood Avenue,8619898483
Wittie Tithecott,6053 Brentwood Drive,4784115590
Carroll Stuck,42400 Warrior Street,7471562395
Mack Laxton,117 Corben Avenue,8685643922
Geri Lochhead,10184 Autumn Leaf Avenue,7659402722
Yasmin Harvatt,79108 Pond Pass,4988478207
Tina Jaffra,19 Hooker Parkway,4115659664
Morse Delacourt,6380 Commercial Alley,6831454246
Griz Samson,638 Portage Terrace,3261263200
Oneida Rumbold,7571 Mendota Place,2239601594
Clerkclaude Gisborne,17788 Union Way,2886245544
Clemence Andreassen,1 Farragut Trail,6697196352
Walther Karpenko,29 La Follette Trail,6811934511
Alecia De Haven,97 Thackeray Trail,8765593336
Del Yakubowicz,70339 Barnett Junction,4291455191
Vannie Eteen,621 Maryland Crossing,3624928306
Edmund Tubbles,394 Pepper Wood Trail,4433670499
Nero Jarmyn,33353 Novick Plaza,1118890611
Rickard Feldon,8912 Towne Park,5022846532
Elyn Leadley,8 Glendale Pass,5929474560
Jody Simyson,199 Spenser Drive,4839573791
Nap Withrop,1512 Duke Court,1378066116
Slade Mishow,9569 Dexter Center,6077433588
Fulvia Staggs,1517 Porter Junction,3531166983
Rhea Gimson,05195 Acker Hill,2105545940
Roda Scroggins,934 Heath Hill,9623055861
Julissa Dreschler,149 Walton Center,3904900268
Gus Shapcote,5 Lakewood Gardens Avenue,5562592288
Hernando Knocker,101 Oriole Pass,9942767614
Yul Harmond,2 Loeprich Plaza,4981127494
Alastair Searsby,182 Mifflin Terrace,3951230959
Randee Lowrie,52261 Buhler Way,4148133546
Merrile Manuaud,921 Barnett Hill,4879566865
Rhodia Bonnett,955 Clemons Circle,2402362813
Dori Pleven,562 1st Court,5753880666
Abelard Cone,0269 Helena Alley,4734501916
Pollyanna Giorgietto,8 American Crossing,3701646264
Rennie McIvor,61944 Manufacturers Plaza,3711302310
Myrta Stonman,11 Springview Alley,3466723574
Maxie Berry,8 Scofield Drive,7597536542
Horatia Romans,8941 Brentwood Crossing,1755899215
Sayer Limb,09268 Leroy Street,1095601803
Nap Pardi,751 Gulseth Park,1806498782
Sherrie Rimington,420 Cascade Center,9808215728
Danni Kemson,573 Maryland Plaza,3236215257
Kaine Swann,1232 Florence Plaza,8304403515
Jacklin Pittway,326 Longview Road,3307142710
Winifred Menault,36 Lillian Junction,8793593131
Fredericka Hrinchenko,867 Monica Lane,3649388880
Marena Swin,94947 Larry Avenue,1426877291
Wain Dowling,46 Monument Road,6717251493
Issi Romaynes,2589 International Junction,2853501387
Sean Skrzynski,8117 Mayer Court,4735950602
Ardyth O' Brian,443 Union Crossing,7916405694
Harrietta Mallebone,88 Summer Ridge Park,1354349628